email,subject,message
hello@gm.com,fdlk,sdlfk
fhe@g.com,dflkdjf,asfkl
sumeet@g.com,hello,hi
,,
,,
,,
,,
hell@g.com,hello,how are you
,,
,,
sumeet@g.com,to,flskd
,,
hell@g.com,gmail,email
hell@g.com,gmail,email
hell@g.com,gmail,email
,,
leli@gm.com,hello,how are you
,,
fke@g.com,sflk,kala
,,
sumeet024@protonmail.com,gmail,ehhlo
,,
hell@g.com,hello,hello
hell@g.com,gmail,mil
hell@g.com,gmail,mil
hell@g.com,gmail,mil
fdhk@mail.com,hi,hello
fdhk@mail.com,hi,hello
fdhk@mail.com,hi,hello
fdhk@mail.com,hi,hello
fdhk@mail.com,hi,hello
fdhk@mail.com,hi,hello
fdhk@mail.com,gmail,email
fdhk@mail.com,gmail,email
hell@g.com,gmail,milj
smee@gm.com,smee,smee
smee@gm.com,smee,smee
smee@gm.com,smee,smee
,,
smee@gm.com,smeetg,smeetg
sumeet024@protonmail.com,sumeet,sumeet
